<?xml version="1.0" encoding="UTF-8" ?>
<databaseChangeLog
        xmlns:xsi="http://www.w3.org/2001/XMLSchema-instance"
        xmlns="http://www.liquibase.org/xml/ns/dbchangelog"
        xsi:schemaLocation="http://www.liquibase.org/xml/ns/dbchangelog http://www.liquibase.org/xml/ns/dbchangelog/dbchangelog-3.1.xsd">

    <changeSet logicalFilePath="create-table-animal"
               id="create-table-animal" author="Damirka">
        <createTable tableName="animal">
            <column name="id" type="serial">
                <constraints nullable="false" primaryKey="true"/>
            </column>
            <column name="name" type="varchar(300)">
                <constraints nullable="false"/>
            </column>
            <column name="type" type="varchar(300)">
                <constraints nullable="false"/>
            </column>
            <column name="age" type="int">
                <constraints nullable="false"/>
            </column>
        </createTable>
    </changeSet>

</databaseChangeLog>